,Udex,Ndex,MS,Pok√©mon,Type,Type.1,url
0,#000,#494,//archives.bulbagarden.net/media/upload/6/63/494MS8.png,Victini,Psychic,Fire,https://bulbapedia.bulbagarden.net/wiki/Victini_(Pok%C3%A9mon)
1,#001,#495,//archives.bulbagarden.net/media/upload/0/07/495MS6.png,Snivy,Grass,Grass,https://bulbapedia.bulbagarden.net/wiki/Snivy_(Pok%C3%A9mon)
2,#002,#496,//archives.bulbagarden.net/media/upload/6/6d/496MS6.png,Servine,Grass,Grass,https://bulbapedia.bulbagarden.net/wiki/Servine_(Pok%C3%A9mon)
3,#003,#497,//archives.bulbagarden.net/media/upload/1/1c/497MS6.png,Serperior,Grass,Grass,https://bulbapedia.bulbagarden.net/wiki/Serperior_(Pok%C3%A9mon)
4,#004,#498,//archives.bulbagarden.net/media/upload/7/74/498MS6.png,Tepig,Fire,Fire,https://bulbapedia.bulbagarden.net/wiki/Tepig_(Pok%C3%A9mon)
5,#005,#499,//archives.bulbagarden.net/media/upload/a/ad/499MS6.png,Pignite,Fire,Fighting,https://bulbapedia.bulbagarden.net/wiki/Pignite_(Pok%C3%A9mon)
6,#006,#500,//archives.bulbagarden.net/media/upload/a/ae/500MS6.png,Emboar,Fire,Fighting,https://bulbapedia.bulbagarden.net/wiki/Emboar_(Pok%C3%A9mon)
7,#007,#501,//archives.bulbagarden.net/media/upload/b/bb/501MS6.png,Oshawott,Water,Water,https://bulbapedia.bulbagarden.net/wiki/Oshawott_(Pok%C3%A9mon)
8,#008,#502,//archives.bulbagarden.net/media/upload/f/f1/502MS6.png,Dewott,Water,Water,https://bulbapedia.bulbagarden.net/wiki/Dewott_(Pok%C3%A9mon)
9,#009,#503,//archives.bulbagarden.net/media/upload/7/73/503MS6.png,Samurott,Water,Water,https://bulbapedia.bulbagarden.net/wiki/Samurott_(Pok%C3%A9mon)
10,,#503,//archives.bulbagarden.net/media/upload/a/ab/000MS.png,Samurott,Water,Dark,https://bulbapedia.bulbagarden.net/wiki/Samurott_(Pok%C3%A9mon)
11,#010,#504,//archives.bulbagarden.net/media/upload/e/e2/504MS6.png,Patrat,Normal,Normal,https://bulbapedia.bulbagarden.net/wiki/Patrat_(Pok%C3%A9mon)
12,#011,#505,//archives.bulbagarden.net/media/upload/e/e3/505MS6.png,Watchog,Normal,Normal,https://bulbapedia.bulbagarden.net/wiki/Watchog_(Pok%C3%A9mon)
13,#012,#506,//archives.bulbagarden.net/media/upload/a/ac/506MS8.png,Lillipup,Normal,Normal,https://bulbapedia.bulbagarden.net/wiki/Lillipup_(Pok%C3%A9mon)
14,#013,#507,//archives.bulbagarden.net/media/upload/a/a7/507MS8.png,Herdier,Normal,Normal,https://bulbapedia.bulbagarden.net/wiki/Herdier_(Pok%C3%A9mon)
15,#014,#508,//archives.bulbagarden.net/media/upload/8/8b/508MS8.png,Stoutland,Normal,Normal,https://bulbapedia.bulbagarden.net/wiki/Stoutland_(Pok%C3%A9mon)
16,#015,#509,//archives.bulbagarden.net/media/upload/2/2e/509MS8.png,Purrloin,Dark,Dark,https://bulbapedia.bulbagarden.net/wiki/Purrloin_(Pok%C3%A9mon)
17,#016,#510,//archives.bulbagarden.net/media/upload/a/ad/510MS8.png,Liepard,Dark,Dark,https://bulbapedia.bulbagarden.net/wiki/Liepard_(Pok%C3%A9mon)
18,#017,#511,//archives.bulbagarden.net/media/upload/1/11/511MS6.png,Pansage,Grass,Grass,https://bulbapedia.bulbagarden.net/wiki/Pansage_(Pok%C3%A9mon)
19,#018,#512,//archives.bulbagarden.net/media/upload/0/07/512MS6.png,Simisage,Grass,Grass,https://bulbapedia.bulbagarden.net/wiki/Simisage_(Pok%C3%A9mon)
20,#019,#513,//archives.bulbagarden.net/media/upload/f/f0/513MS6.png,Pansear,Fire,Fire,https://bulbapedia.bulbagarden.net/wiki/Pansear_(Pok%C3%A9mon)
21,#020,#514,//archives.bulbagarden.net/media/upload/5/5b/514MS6.png,Simisear,Fire,Fire,https://bulbapedia.bulbagarden.net/wiki/Simisear_(Pok%C3%A9mon)
22,#021,#515,//archives.bulbagarden.net/media/upload/c/c8/515MS6.png,Panpour,Water,Water,https://bulbapedia.bulbagarden.net/wiki/Panpour_(Pok%C3%A9mon)
23,#022,#516,//archives.bulbagarden.net/media/upload/2/29/516MS6.png,Simipour,Water,Water,https://bulbapedia.bulbagarden.net/wiki/Simipour_(Pok%C3%A9mon)
24,#023,#517,//archives.bulbagarden.net/media/upload/7/77/517MS8.png,Munna,Psychic,Psychic,https://bulbapedia.bulbagarden.net/wiki/Munna_(Pok%C3%A9mon)
25,#024,#518,//archives.bulbagarden.net/media/upload/f/f9/518MS8.png,Musharna,Psychic,Psychic,https://bulbapedia.bulbagarden.net/wiki/Musharna_(Pok%C3%A9mon)
26,#025,#519,//archives.bulbagarden.net/media/upload/b/bd/519MS8.png,Pidove,Normal,Flying,https://bulbapedia.bulbagarden.net/wiki/Pidove_(Pok%C3%A9mon)
27,#026,#520,//archives.bulbagarden.net/media/upload/8/8d/520MS8.png,Tranquill,Normal,Flying,https://bulbapedia.bulbagarden.net/wiki/Tranquill_(Pok%C3%A9mon)
28,#027,#521,//archives.bulbagarden.net/media/upload/7/75/521MS8.png,Unfezant,Normal,Flying,https://bulbapedia.bulbagarden.net/wiki/Unfezant_(Pok%C3%A9mon)
29,#027,#521,//archives.bulbagarden.net/media/upload/7/77/521FMS8.png,Unfezant,Normal,Flying,https://bulbapedia.bulbagarden.net/wiki/Unfezant_(Pok%C3%A9mon)
30,#028,#522,//archives.bulbagarden.net/media/upload/6/6d/522MS6.png,Blitzle,Electric,Electric,https://bulbapedia.bulbagarden.net/wiki/Blitzle_(Pok%C3%A9mon)
31,#029,#523,//archives.bulbagarden.net/media/upload/9/98/523MS6.png,Zebstrika,Electric,Electric,https://bulbapedia.bulbagarden.net/wiki/Zebstrika_(Pok%C3%A9mon)
32,#030,#524,//archives.bulbagarden.net/media/upload/a/a2/524MS8.png,Roggenrola,Rock,Rock,https://bulbapedia.bulbagarden.net/wiki/Roggenrola_(Pok%C3%A9mon)
33,#031,#525,//archives.bulbagarden.net/media/upload/1/11/525MS8.png,Boldore,Rock,Rock,https://bulbapedia.bulbagarden.net/wiki/Boldore_(Pok%C3%A9mon)
34,#032,#526,//archives.bulbagarden.net/media/upload/7/75/526MS8.png,Gigalith,Rock,Rock,https://bulbapedia.bulbagarden.net/wiki/Gigalith_(Pok%C3%A9mon)
35,#033,#527,//archives.bulbagarden.net/media/upload/1/17/527MS8.png,Woobat,Psychic,Flying,https://bulbapedia.bulbagarden.net/wiki/Woobat_(Pok%C3%A9mon)
36,#034,#528,//archives.bulbagarden.net/media/upload/c/ca/528MS8.png,Swoobat,Psychic,Flying,https://bulbapedia.bulbagarden.net/wiki/Swoobat_(Pok%C3%A9mon)
37,#035,#529,//archives.bulbagarden.net/media/upload/f/f7/529MS8.png,Drilbur,Ground,Ground,https://bulbapedia.bulbagarden.net/wiki/Drilbur_(Pok%C3%A9mon)
38,#036,#530,//archives.bulbagarden.net/media/upload/6/67/530MS8.png,Excadrill,Ground,Steel,https://bulbapedia.bulbagarden.net/wiki/Excadrill_(Pok%C3%A9mon)
39,#037,#531,//archives.bulbagarden.net/media/upload/8/8c/531MS8.png,Audino,Normal,Normal,https://bulbapedia.bulbagarden.net/wiki/Audino_(Pok%C3%A9mon)
40,#038,#532,//archives.bulbagarden.net/media/upload/8/8f/532MS8.png,Timburr,Fighting,Fighting,https://bulbapedia.bulbagarden.net/wiki/Timburr_(Pok%C3%A9mon)
41,#039,#533,//archives.bulbagarden.net/media/upload/1/15/533MS8.png,Gurdurr,Fighting,Fighting,https://bulbapedia.bulbagarden.net/wiki/Gurdurr_(Pok%C3%A9mon)
42,#040,#534,//archives.bulbagarden.net/media/upload/b/be/534MS8.png,Conkeldurr,Fighting,Fighting,https://bulbapedia.bulbagarden.net/wiki/Conkeldurr_(Pok%C3%A9mon)
43,#041,#535,//archives.bulbagarden.net/media/upload/1/19/535MS8.png,Tympole,Water,Water,https://bulbapedia.bulbagarden.net/wiki/Tympole_(Pok%C3%A9mon)
44,#042,#536,//archives.bulbagarden.net/media/upload/f/ff/536MS8.png,Palpitoad,Water,Ground,https://bulbapedia.bulbagarden.net/wiki/Palpitoad_(Pok%C3%A9mon)
45,#043,#537,//archives.bulbagarden.net/media/upload/7/7c/537MS8.png,Seismitoad,Water,Ground,https://bulbapedia.bulbagarden.net/wiki/Seismitoad_(Pok%C3%A9mon)
46,#044,#538,//archives.bulbagarden.net/media/upload/7/70/538MS8.png,Throh,Fighting,Fighting,https://bulbapedia.bulbagarden.net/wiki/Throh_(Pok%C3%A9mon)
47,#045,#539,//archives.bulbagarden.net/media/upload/8/86/539MS8.png,Sawk,Fighting,Fighting,https://bulbapedia.bulbagarden.net/wiki/Sawk_(Pok%C3%A9mon)
48,#046,#540,//archives.bulbagarden.net/media/upload/e/e2/540MS6.png,Sewaddle,Bug,Grass,https://bulbapedia.bulbagarden.net/wiki/Sewaddle_(Pok%C3%A9mon)
49,#047,#541,//archives.bulbagarden.net/media/upload/e/e1/541MS6.png,Swadloon,Bug,Grass,https://bulbapedia.bulbagarden.net/wiki/Swadloon_(Pok%C3%A9mon)
50,#048,#542,//archives.bulbagarden.net/media/upload/a/a6/542MS6.png,Leavanny,Bug,Grass,https://bulbapedia.bulbagarden.net/wiki/Leavanny_(Pok%C3%A9mon)
51,#049,#543,//archives.bulbagarden.net/media/upload/0/02/543MS8.png,Venipede,Bug,Poison,https://bulbapedia.bulbagarden.net/wiki/Venipede_(Pok%C3%A9mon)
52,#050,#544,//archives.bulbagarden.net/media/upload/7/79/544MS8.png,Whirlipede,Bug,Poison,https://bulbapedia.bulbagarden.net/wiki/Whirlipede_(Pok%C3%A9mon)
53,#051,#545,//archives.bulbagarden.net/media/upload/4/4a/545MS8.png,Scolipede,Bug,Poison,https://bulbapedia.bulbagarden.net/wiki/Scolipede_(Pok%C3%A9mon)
54,#052,#546,//archives.bulbagarden.net/media/upload/3/39/546MS8.png,Cottonee,Grass,Fairy,https://bulbapedia.bulbagarden.net/wiki/Cottonee_(Pok%C3%A9mon)
55,#053,#547,//archives.bulbagarden.net/media/upload/d/da/547MS8.png,Whimsicott,Grass,Fairy,https://bulbapedia.bulbagarden.net/wiki/Whimsicott_(Pok%C3%A9mon)
56,#054,#548,//archives.bulbagarden.net/media/upload/c/cd/548MS8.png,Petilil,Grass,Grass,https://bulbapedia.bulbagarden.net/wiki/Petilil_(Pok%C3%A9mon)
57,#055,#549,//archives.bulbagarden.net/media/upload/5/5b/549MS8.png,Lilligant,Grass,Grass,https://bulbapedia.bulbagarden.net/wiki/Lilligant_(Pok%C3%A9mon)
58,,#549,//archives.bulbagarden.net/media/upload/a/ab/000MS.png,Lilligant,Grass,Fighting,https://bulbapedia.bulbagarden.net/wiki/Lilligant_(Pok%C3%A9mon)
59,#056,#550,//archives.bulbagarden.net/media/upload/6/64/550MS8.png,Basculin,Water,Water,https://bulbapedia.bulbagarden.net/wiki/Basculin_(Pok%C3%A9mon)
60,#056,#550,//archives.bulbagarden.net/media/upload/7/7c/550BMS8.png,Basculin,Water,Water,https://bulbapedia.bulbagarden.net/wiki/Basculin_(Pok%C3%A9mon)
61,,#550,//archives.bulbagarden.net/media/upload/a/ab/000MS.png,Basculin,Water,Water,https://bulbapedia.bulbagarden.net/wiki/Basculin_(Pok%C3%A9mon)
62,#057,#551,//archives.bulbagarden.net/media/upload/5/51/551MS8.png,Sandile,Ground,Dark,https://bulbapedia.bulbagarden.net/wiki/Sandile_(Pok%C3%A9mon)
63,#058,#552,//archives.bulbagarden.net/media/upload/5/5f/552MS8.png,Krokorok,Ground,Dark,https://bulbapedia.bulbagarden.net/wiki/Krokorok_(Pok%C3%A9mon)
64,#059,#553,//archives.bulbagarden.net/media/upload/6/69/553MS8.png,Krookodile,Ground,Dark,https://bulbapedia.bulbagarden.net/wiki/Krookodile_(Pok%C3%A9mon)
65,#060,#554,//archives.bulbagarden.net/media/upload/1/1f/554MS8.png,Darumaka,Fire,Fire,https://bulbapedia.bulbagarden.net/wiki/Darumaka_(Pok%C3%A9mon)
66,,#554,//archives.bulbagarden.net/media/upload/0/03/554GMS8.png,Darumaka,Ice,Ice,https://bulbapedia.bulbagarden.net/wiki/Darumaka_(Pok%C3%A9mon)
67,#061,#555,//archives.bulbagarden.net/media/upload/7/75/555MS8.png,Darmanitan,Fire,Fire,https://bulbapedia.bulbagarden.net/wiki/Darmanitan_(Pok%C3%A9mon)
68,#061,#555,//archives.bulbagarden.net/media/upload/8/8f/555ZMS8.png,Darmanitan,Fire,Psychic,https://bulbapedia.bulbagarden.net/wiki/Darmanitan_(Pok%C3%A9mon)
69,,#555,//archives.bulbagarden.net/media/upload/e/ed/555GMS8.png,Darmanitan,Ice,Ice,https://bulbapedia.bulbagarden.net/wiki/Darmanitan_(Pok%C3%A9mon)
70,,#555,//archives.bulbagarden.net/media/upload/8/8e/555GZMS8.png,Darmanitan,Ice,Fire,https://bulbapedia.bulbagarden.net/wiki/Darmanitan_(Pok%C3%A9mon)
71,#062,#556,//archives.bulbagarden.net/media/upload/a/a3/556MS8.png,Maractus,Grass,Grass,https://bulbapedia.bulbagarden.net/wiki/Maractus_(Pok%C3%A9mon)
72,#063,#557,//archives.bulbagarden.net/media/upload/9/95/557MS8.png,Dwebble,Bug,Rock,https://bulbapedia.bulbagarden.net/wiki/Dwebble_(Pok%C3%A9mon)
73,#064,#558,//archives.bulbagarden.net/media/upload/5/51/558MS8.png,Crustle,Bug,Rock,https://bulbapedia.bulbagarden.net/wiki/Crustle_(Pok%C3%A9mon)
74,#065,#559,//archives.bulbagarden.net/media/upload/c/c3/559MS8.png,Scraggy,Dark,Fighting,https://bulbapedia.bulbagarden.net/wiki/Scraggy_(Pok%C3%A9mon)
75,#066,#560,//archives.bulbagarden.net/media/upload/b/ba/560MS8.png,Scrafty,Dark,Fighting,https://bulbapedia.bulbagarden.net/wiki/Scrafty_(Pok%C3%A9mon)
76,#067,#561,//archives.bulbagarden.net/media/upload/c/c6/561MS8.png,Sigilyph,Psychic,Flying,https://bulbapedia.bulbagarden.net/wiki/Sigilyph_(Pok%C3%A9mon)
77,#068,#562,//archives.bulbagarden.net/media/upload/4/4d/562MS8.png,Yamask,Ghost,Ghost,https://bulbapedia.bulbagarden.net/wiki/Yamask_(Pok%C3%A9mon)
78,,#562,//archives.bulbagarden.net/media/upload/3/3a/562GMS8.png,Yamask,Ground,Ghost,https://bulbapedia.bulbagarden.net/wiki/Yamask_(Pok%C3%A9mon)
79,#069,#563,//archives.bulbagarden.net/media/upload/c/cb/563MS8.png,Cofagrigus,Ghost,Ghost,https://bulbapedia.bulbagarden.net/wiki/Cofagrigus_(Pok%C3%A9mon)
80,#070,#564,//archives.bulbagarden.net/media/upload/5/54/564MS8.png,Tirtouga,Water,Rock,https://bulbapedia.bulbagarden.net/wiki/Tirtouga_(Pok%C3%A9mon)
81,#071,#565,//archives.bulbagarden.net/media/upload/e/ec/565MS8.png,Carracosta,Water,Rock,https://bulbapedia.bulbagarden.net/wiki/Carracosta_(Pok%C3%A9mon)
82,#072,#566,//archives.bulbagarden.net/media/upload/e/e7/566MS8.png,Archen,Rock,Flying,https://bulbapedia.bulbagarden.net/wiki/Archen_(Pok%C3%A9mon)
83,#073,#567,//archives.bulbagarden.net/media/upload/4/47/567MS8.png,Archeops,Rock,Flying,https://bulbapedia.bulbagarden.net/wiki/Archeops_(Pok%C3%A9mon)
84,#074,#568,//archives.bulbagarden.net/media/upload/5/55/568MS8.png,Trubbish,Poison,Poison,https://bulbapedia.bulbagarden.net/wiki/Trubbish_(Pok%C3%A9mon)
85,#075,#569,//archives.bulbagarden.net/media/upload/2/26/569MS8.png,Garbodor,Poison,Poison,https://bulbapedia.bulbagarden.net/wiki/Garbodor_(Pok%C3%A9mon)
86,#076,#570,//archives.bulbagarden.net/media/upload/5/5d/570MS8.png,Zorua,Dark,Dark,https://bulbapedia.bulbagarden.net/wiki/Zorua_(Pok%C3%A9mon)
87,,#570,//archives.bulbagarden.net/media/upload/a/ab/000MS.png,Zorua,Normal,Ghost,https://bulbapedia.bulbagarden.net/wiki/Zorua_(Pok%C3%A9mon)
88,#077,#571,//archives.bulbagarden.net/media/upload/8/81/571MS8.png,Zoroark,Dark,Dark,https://bulbapedia.bulbagarden.net/wiki/Zoroark_(Pok%C3%A9mon)
89,,#571,//archives.bulbagarden.net/media/upload/a/ab/000MS.png,Zoroark,Normal,Ghost,https://bulbapedia.bulbagarden.net/wiki/Zoroark_(Pok%C3%A9mon)
90,#078,#572,//archives.bulbagarden.net/media/upload/d/dc/572MS8.png,Minccino,Normal,Normal,https://bulbapedia.bulbagarden.net/wiki/Minccino_(Pok%C3%A9mon)
91,#079,#573,//archives.bulbagarden.net/media/upload/2/2f/573MS8.png,Cinccino,Normal,Normal,https://bulbapedia.bulbagarden.net/wiki/Cinccino_(Pok%C3%A9mon)
92,#080,#574,//archives.bulbagarden.net/media/upload/4/48/574MS8.png,Gothita,Psychic,Psychic,https://bulbapedia.bulbagarden.net/wiki/Gothita_(Pok%C3%A9mon)
93,#081,#575,//archives.bulbagarden.net/media/upload/1/14/575MS8.png,Gothorita,Psychic,Psychic,https://bulbapedia.bulbagarden.net/wiki/Gothorita_(Pok%C3%A9mon)
94,#082,#576,//archives.bulbagarden.net/media/upload/b/b0/576MS8.png,Gothitelle,Psychic,Psychic,https://bulbapedia.bulbagarden.net/wiki/Gothitelle_(Pok%C3%A9mon)
95,#083,#577,//archives.bulbagarden.net/media/upload/4/46/577MS8.png,Solosis,Psychic,Psychic,https://bulbapedia.bulbagarden.net/wiki/Solosis_(Pok%C3%A9mon)
96,#084,#578,//archives.bulbagarden.net/media/upload/0/0a/578MS8.png,Duosion,Psychic,Psychic,https://bulbapedia.bulbagarden.net/wiki/Duosion_(Pok%C3%A9mon)
97,#085,#579,//archives.bulbagarden.net/media/upload/0/05/579MS8.png,Reuniclus,Psychic,Psychic,https://bulbapedia.bulbagarden.net/wiki/Reuniclus_(Pok%C3%A9mon)
98,#086,#580,//archives.bulbagarden.net/media/upload/6/6b/580MS6.png,Ducklett,Water,Flying,https://bulbapedia.bulbagarden.net/wiki/Ducklett_(Pok%C3%A9mon)
99,#087,#581,//archives.bulbagarden.net/media/upload/8/82/581MS6.png,Swanna,Water,Flying,https://bulbapedia.bulbagarden.net/wiki/Swanna_(Pok%C3%A9mon)
100,#088,#582,//archives.bulbagarden.net/media/upload/b/be/582MS8.png,Vanillite,Ice,Ice,https://bulbapedia.bulbagarden.net/wiki/Vanillite_(Pok%C3%A9mon)
101,#089,#583,//archives.bulbagarden.net/media/upload/e/e5/583MS8.png,Vanillish,Ice,Ice,https://bulbapedia.bulbagarden.net/wiki/Vanillish_(Pok%C3%A9mon)
102,#090,#584,//archives.bulbagarden.net/media/upload/f/fd/584MS8.png,Vanilluxe,Ice,Ice,https://bulbapedia.bulbagarden.net/wiki/Vanilluxe_(Pok%C3%A9mon)
103,#091,#585,//archives.bulbagarden.net/media/upload/5/59/585MS6.png,Deerling,Normal,Grass,https://bulbapedia.bulbagarden.net/wiki/Deerling_(Pok%C3%A9mon)
104,#092,#586,//archives.bulbagarden.net/media/upload/a/a8/586MS6.png,Sawsbuck,Normal,Grass,https://bulbapedia.bulbagarden.net/wiki/Sawsbuck_(Pok%C3%A9mon)
105,#093,#587,//archives.bulbagarden.net/media/upload/9/99/587MS8.png,Emolga,Electric,Flying,https://bulbapedia.bulbagarden.net/wiki/Emolga_(Pok%C3%A9mon)
106,#094,#588,//archives.bulbagarden.net/media/upload/1/16/588MS8.png,Karrablast,Bug,Bug,https://bulbapedia.bulbagarden.net/wiki/Karrablast_(Pok%C3%A9mon)
107,#095,#589,//archives.bulbagarden.net/media/upload/e/ed/589MS8.png,Escavalier,Bug,Steel,https://bulbapedia.bulbagarden.net/wiki/Escavalier_(Pok%C3%A9mon)
108,#096,#590,//archives.bulbagarden.net/media/upload/c/c6/590MS8.png,Foongus,Grass,Poison,https://bulbapedia.bulbagarden.net/wiki/Foongus_(Pok%C3%A9mon)
109,#097,#591,//archives.bulbagarden.net/media/upload/c/ca/591MS8.png,Amoonguss,Grass,Poison,https://bulbapedia.bulbagarden.net/wiki/Amoonguss_(Pok%C3%A9mon)
110,#098,#592,//archives.bulbagarden.net/media/upload/7/7e/592MS8.png,Frillish,Water,Ghost,https://bulbapedia.bulbagarden.net/wiki/Frillish_(Pok%C3%A9mon)
111,#098,#592,//archives.bulbagarden.net/media/upload/d/d6/592FMS8.png,Frillish,Water,Ghost,https://bulbapedia.bulbagarden.net/wiki/Frillish_(Pok%C3%A9mon)
112,#099,#593,//archives.bulbagarden.net/media/upload/8/85/593MS8.png,Jellicent,Water,Ghost,https://bulbapedia.bulbagarden.net/wiki/Jellicent_(Pok%C3%A9mon)
113,#099,#593,//archives.bulbagarden.net/media/upload/9/9b/593FMS8.png,Jellicent,Water,Ghost,https://bulbapedia.bulbagarden.net/wiki/Jellicent_(Pok%C3%A9mon)
114,#100,#594,//archives.bulbagarden.net/media/upload/f/fd/594MS6.png,Alomomola,Water,Water,https://bulbapedia.bulbagarden.net/wiki/Alomomola_(Pok%C3%A9mon)
115,#101,#595,//archives.bulbagarden.net/media/upload/f/f4/595MS8.png,Joltik,Bug,Electric,https://bulbapedia.bulbagarden.net/wiki/Joltik_(Pok%C3%A9mon)
116,#102,#596,//archives.bulbagarden.net/media/upload/a/a0/596MS8.png,Galvantula,Bug,Electric,https://bulbapedia.bulbagarden.net/wiki/Galvantula_(Pok%C3%A9mon)
117,#103,#597,//archives.bulbagarden.net/media/upload/a/a6/597MS8.png,Ferroseed,Grass,Steel,https://bulbapedia.bulbagarden.net/wiki/Ferroseed_(Pok%C3%A9mon)
118,#104,#598,//archives.bulbagarden.net/media/upload/0/0a/598MS8.png,Ferrothorn,Grass,Steel,https://bulbapedia.bulbagarden.net/wiki/Ferrothorn_(Pok%C3%A9mon)
119,#105,#599,//archives.bulbagarden.net/media/upload/3/33/599MS8.png,Klink,Steel,Steel,https://bulbapedia.bulbagarden.net/wiki/Klink_(Pok%C3%A9mon)
120,#106,#600,//archives.bulbagarden.net/media/upload/1/10/600MS8.png,Klang,Steel,Steel,https://bulbapedia.bulbagarden.net/wiki/Klang_(Pok%C3%A9mon)
121,#107,#601,//archives.bulbagarden.net/media/upload/0/07/601MS8.png,Klinklang,Steel,Steel,https://bulbapedia.bulbagarden.net/wiki/Klinklang_(Pok%C3%A9mon)
122,#108,#602,//archives.bulbagarden.net/media/upload/0/0d/602MS6.png,Tynamo,Electric,Electric,https://bulbapedia.bulbagarden.net/wiki/Tynamo_(Pok%C3%A9mon)
123,#109,#603,//archives.bulbagarden.net/media/upload/9/97/603MS6.png,Eelektrik,Electric,Electric,https://bulbapedia.bulbagarden.net/wiki/Eelektrik_(Pok%C3%A9mon)
124,#110,#604,//archives.bulbagarden.net/media/upload/8/8c/604MS6.png,Eelektross,Electric,Electric,https://bulbapedia.bulbagarden.net/wiki/Eelektross_(Pok%C3%A9mon)
125,#111,#605,//archives.bulbagarden.net/media/upload/3/3d/605MS8.png,Elgyem,Psychic,Psychic,https://bulbapedia.bulbagarden.net/wiki/Elgyem_(Pok%C3%A9mon)
126,#112,#606,//archives.bulbagarden.net/media/upload/5/59/606MS8.png,Beheeyem,Psychic,Psychic,https://bulbapedia.bulbagarden.net/wiki/Beheeyem_(Pok%C3%A9mon)
127,#113,#607,//archives.bulbagarden.net/media/upload/5/5a/607MS8.png,Litwick,Ghost,Fire,https://bulbapedia.bulbagarden.net/wiki/Litwick_(Pok%C3%A9mon)
128,#114,#608,//archives.bulbagarden.net/media/upload/4/4d/608MS8.png,Lampent,Ghost,Fire,https://bulbapedia.bulbagarden.net/wiki/Lampent_(Pok%C3%A9mon)
129,#115,#609,//archives.bulbagarden.net/media/upload/3/38/609MS8.png,Chandelure,Ghost,Fire,https://bulbapedia.bulbagarden.net/wiki/Chandelure_(Pok%C3%A9mon)
130,#116,#610,//archives.bulbagarden.net/media/upload/d/d8/610MS8.png,Axew,Dragon,Dragon,https://bulbapedia.bulbagarden.net/wiki/Axew_(Pok%C3%A9mon)
131,#117,#611,//archives.bulbagarden.net/media/upload/e/e1/611MS8.png,Fraxure,Dragon,Dragon,https://bulbapedia.bulbagarden.net/wiki/Fraxure_(Pok%C3%A9mon)
132,#118,#612,//archives.bulbagarden.net/media/upload/7/75/612MS8.png,Haxorus,Dragon,Dragon,https://bulbapedia.bulbagarden.net/wiki/Haxorus_(Pok%C3%A9mon)
133,#119,#613,//archives.bulbagarden.net/media/upload/9/97/613MS8.png,Cubchoo,Ice,Ice,https://bulbapedia.bulbagarden.net/wiki/Cubchoo_(Pok%C3%A9mon)
134,#120,#614,//archives.bulbagarden.net/media/upload/8/81/614MS8.png,Beartic,Ice,Ice,https://bulbapedia.bulbagarden.net/wiki/Beartic_(Pok%C3%A9mon)
135,#121,#615,//archives.bulbagarden.net/media/upload/a/aa/615MS8.png,Cryogonal,Ice,Ice,https://bulbapedia.bulbagarden.net/wiki/Cryogonal_(Pok%C3%A9mon)
136,#122,#616,//archives.bulbagarden.net/media/upload/a/a5/616MS8.png,Shelmet,Bug,Bug,https://bulbapedia.bulbagarden.net/wiki/Shelmet_(Pok%C3%A9mon)
137,#123,#617,//archives.bulbagarden.net/media/upload/2/2d/617MS8.png,Accelgor,Bug,Bug,https://bulbapedia.bulbagarden.net/wiki/Accelgor_(Pok%C3%A9mon)
138,#124,#618,//archives.bulbagarden.net/media/upload/b/b4/618MS8.png,Stunfisk,Ground,Electric,https://bulbapedia.bulbagarden.net/wiki/Stunfisk_(Pok%C3%A9mon)
139,,#618,//archives.bulbagarden.net/media/upload/7/76/618GMS8.png,Stunfisk,Ground,Steel,https://bulbapedia.bulbagarden.net/wiki/Stunfisk_(Pok%C3%A9mon)
140,#125,#619,//archives.bulbagarden.net/media/upload/f/fa/619MS8.png,Mienfoo,Fighting,Fighting,https://bulbapedia.bulbagarden.net/wiki/Mienfoo_(Pok%C3%A9mon)
141,#126,#620,//archives.bulbagarden.net/media/upload/d/df/620MS8.png,Mienshao,Fighting,Fighting,https://bulbapedia.bulbagarden.net/wiki/Mienshao_(Pok%C3%A9mon)
142,#127,#621,//archives.bulbagarden.net/media/upload/b/b0/621MS8.png,Druddigon,Dragon,Dragon,https://bulbapedia.bulbagarden.net/wiki/Druddigon_(Pok%C3%A9mon)
143,#128,#622,//archives.bulbagarden.net/media/upload/d/d2/622MS8.png,Golett,Ground,Ghost,https://bulbapedia.bulbagarden.net/wiki/Golett_(Pok%C3%A9mon)
144,#129,#623,//archives.bulbagarden.net/media/upload/a/ab/623MS8.png,Golurk,Ground,Ghost,https://bulbapedia.bulbagarden.net/wiki/Golurk_(Pok%C3%A9mon)
145,#130,#624,//archives.bulbagarden.net/media/upload/e/e9/624MS8.png,Pawniard,Dark,Steel,https://bulbapedia.bulbagarden.net/wiki/Pawniard_(Pok%C3%A9mon)
146,#131,#625,//archives.bulbagarden.net/media/upload/f/fb/625MS8.png,Bisharp,Dark,Steel,https://bulbapedia.bulbagarden.net/wiki/Bisharp_(Pok%C3%A9mon)
147,#132,#626,//archives.bulbagarden.net/media/upload/b/b1/626MS8.png,Bouffalant,Normal,Normal,https://bulbapedia.bulbagarden.net/wiki/Bouffalant_(Pok%C3%A9mon)
148,#133,#627,//archives.bulbagarden.net/media/upload/f/f5/627MS8.png,Rufflet,Normal,Flying,https://bulbapedia.bulbagarden.net/wiki/Rufflet_(Pok%C3%A9mon)
149,#134,#628,//archives.bulbagarden.net/media/upload/8/88/628MS8.png,Braviary,Normal,Flying,https://bulbapedia.bulbagarden.net/wiki/Braviary_(Pok%C3%A9mon)
150,,#628,//archives.bulbagarden.net/media/upload/a/ab/000MS.png,Braviary,Psychic,Flying,https://bulbapedia.bulbagarden.net/wiki/Braviary_(Pok%C3%A9mon)
151,#135,#629,//archives.bulbagarden.net/media/upload/1/19/629MS8.png,Vullaby,Dark,Flying,https://bulbapedia.bulbagarden.net/wiki/Vullaby_(Pok%C3%A9mon)
152,#136,#630,//archives.bulbagarden.net/media/upload/6/65/630MS8.png,Mandibuzz,Dark,Flying,https://bulbapedia.bulbagarden.net/wiki/Mandibuzz_(Pok%C3%A9mon)
153,#137,#631,//archives.bulbagarden.net/media/upload/f/f9/631MS8.png,Heatmor,Fire,Fire,https://bulbapedia.bulbagarden.net/wiki/Heatmor_(Pok%C3%A9mon)
154,#138,#632,//archives.bulbagarden.net/media/upload/9/9e/632MS8.png,Durant,Bug,Steel,https://bulbapedia.bulbagarden.net/wiki/Durant_(Pok%C3%A9mon)
155,#139,#633,//archives.bulbagarden.net/media/upload/6/66/633MS8.png,Deino,Dark,Dragon,https://bulbapedia.bulbagarden.net/wiki/Deino_(Pok%C3%A9mon)
156,#140,#634,//archives.bulbagarden.net/media/upload/0/0a/634MS8.png,Zweilous,Dark,Dragon,https://bulbapedia.bulbagarden.net/wiki/Zweilous_(Pok%C3%A9mon)
157,#141,#635,//archives.bulbagarden.net/media/upload/6/67/635MS8.png,Hydreigon,Dark,Dragon,https://bulbapedia.bulbagarden.net/wiki/Hydreigon_(Pok%C3%A9mon)
158,#142,#636,//archives.bulbagarden.net/media/upload/9/93/636MS8.png,Larvesta,Bug,Fire,https://bulbapedia.bulbagarden.net/wiki/Larvesta_(Pok%C3%A9mon)
159,#143,#637,//archives.bulbagarden.net/media/upload/f/fb/637MS8.png,Volcarona,Bug,Fire,https://bulbapedia.bulbagarden.net/wiki/Volcarona_(Pok%C3%A9mon)
160,#144,#638,//archives.bulbagarden.net/media/upload/e/e7/638MS8.png,Cobalion,Steel,Fighting,https://bulbapedia.bulbagarden.net/wiki/Cobalion_(Pok%C3%A9mon)
161,#145,#639,//archives.bulbagarden.net/media/upload/5/55/639MS8.png,Terrakion,Rock,Fighting,https://bulbapedia.bulbagarden.net/wiki/Terrakion_(Pok%C3%A9mon)
162,#146,#640,//archives.bulbagarden.net/media/upload/0/06/640MS8.png,Virizion,Grass,Fighting,https://bulbapedia.bulbagarden.net/wiki/Virizion_(Pok%C3%A9mon)
163,#147,#641,//archives.bulbagarden.net/media/upload/3/37/641MS8.png,Tornadus,Flying,Flying,https://bulbapedia.bulbagarden.net/wiki/Tornadus_(Pok%C3%A9mon)
164,#148,#642,//archives.bulbagarden.net/media/upload/3/37/642MS8.png,Thundurus,Electric,Flying,https://bulbapedia.bulbagarden.net/wiki/Thundurus_(Pok%C3%A9mon)
165,#149,#643,//archives.bulbagarden.net/media/upload/0/0e/643MS8.png,Reshiram,Dragon,Fire,https://bulbapedia.bulbagarden.net/wiki/Reshiram_(Pok%C3%A9mon)
166,#150,#644,//archives.bulbagarden.net/media/upload/5/5e/644MS8.png,Zekrom,Dragon,Electric,https://bulbapedia.bulbagarden.net/wiki/Zekrom_(Pok%C3%A9mon)
167,#151,#645,//archives.bulbagarden.net/media/upload/7/71/645MS8.png,Landorus,Ground,Flying,https://bulbapedia.bulbagarden.net/wiki/Landorus_(Pok%C3%A9mon)
168,#152,#646,//archives.bulbagarden.net/media/upload/9/9e/646MS8.png,Kyurem,Dragon,Ice,https://bulbapedia.bulbagarden.net/wiki/Kyurem_(Pok%C3%A9mon)
169,#153,#647,//archives.bulbagarden.net/media/upload/2/2e/647MS8.png,Keldeo,Water,Fighting,https://bulbapedia.bulbagarden.net/wiki/Keldeo_(Pok%C3%A9mon)
170,#154,#648,//archives.bulbagarden.net/media/upload/6/6e/648MS6.png,Meloetta,Normal,Psychic,https://bulbapedia.bulbagarden.net/wiki/Meloetta_(Pok%C3%A9mon)
171,#154,#648,//archives.bulbagarden.net/media/upload/8/88/648PMS6.png,Meloetta,Normal,Fighting,https://bulbapedia.bulbagarden.net/wiki/Meloetta_(Pok%C3%A9mon)
172,#155,#649,//archives.bulbagarden.net/media/upload/c/ca/649MS8.png,Genesect,Bug,Steel,https://bulbapedia.bulbagarden.net/wiki/Genesect_(Pok%C3%A9mon)
